Prescriber_ID,Prescriber_Name,ServiceLine_ID
1,Dr. Alex Adams,5
2,Dr. Alex Brooks,7
3,Dr. Alex Chang,4
4,Dr. Alex Diaz,4
5,Dr. Alex Evans,8
6,Dr. Alex Foster,8
7,Dr. Alex Garcia,8
8,Dr. Alex Hughes,9
9,Dr. Alex Iverson,9
10,Dr. Alex James,8
11,Dr. Alex Kim,7
12,Dr. Alex Lopez,5
13,Dr. Alex Miller,1
14,Dr. Alex Nguyen,8
15,Dr. Alex Owens,1
16,Dr. Alex Patel,8
17,Dr. Alex Reed,7
18,Dr. Alex Sanchez,4
19,Dr. Alex Turner,6
20,Dr. Alex Wright,9
21,Dr. Jordan Adams,9
22,Dr. Jordan Brooks,8
23,Dr. Jordan Chang,6
24,Dr. Jordan Diaz,1
25,Dr. Jordan Evans,1
26,Dr. Jordan Foster,3
27,Dr. Jordan Garcia,9
28,Dr. Jordan Hughes,7
29,Dr. Jordan Iverson,5
30,Dr. Jordan James,8
31,Dr. Jordan Kim,4
32,Dr. Jordan Lopez,4
33,Dr. Jordan Miller,9
34,Dr. Jordan Nguyen,4
35,Dr. Jordan Owens,1
36,Dr. Jordan Patel,2
37,Dr. Jordan Reed,1
38,Dr. Jordan Sanchez,1
39,Dr. Jordan Turner,7
40,Dr. Jordan Wright,8
41,Dr. Taylor Adams,8
42,Dr. Taylor Brooks,4
43,Dr. Taylor Chang,1
44,Dr. Taylor Diaz,8
45,Dr. Taylor Evans,8
46,Dr. Taylor Foster,8
47,Dr. Taylor Garcia,1
48,Dr. Taylor Hughes,6
49,Dr. Taylor Iverson,5
50,Dr. Taylor James,4
51,Dr. Taylor Kim,2
52,Dr. Taylor Lopez,4
53,Dr. Taylor Miller,2
54,Dr. Taylor Nguyen,4
55,Dr. Taylor Owens,5
56,Dr. Taylor Patel,4
57,Dr. Taylor Reed,2
58,Dr. Taylor Sanchez,6
59,Dr. Taylor Turner,2
60,Dr. Taylor Wright,3
61,Dr. Morgan Adams,4
62,Dr. Morgan Brooks,3
63,Dr. Morgan Chang,3
64,Dr. Morgan Diaz,6
65,Dr. Morgan Evans,8
66,Dr. Morgan Foster,4
67,Dr. Morgan Garcia,1
68,Dr. Morgan Hughes,4
69,Dr. Morgan Iverson,5
70,Dr. Morgan James,6
71,Dr. Morgan Kim,4
72,Dr. Morgan Lopez,1
73,Dr. Morgan Miller,5
74,Dr. Morgan Nguyen,9
75,Dr. Morgan Owens,7
76,Dr. Morgan Patel,8
77,Dr. Morgan Reed,3
78,Dr. Morgan Sanchez,8
79,Dr. Morgan Turner,4
80,Dr. Morgan Wright,9
81,Dr. Casey Adams,7
82,Dr. Casey Brooks,7
83,Dr. Casey Chang,6
84,Dr. Casey Diaz,7
85,Dr. Casey Evans,6
86,Dr. Casey Foster,8
87,Dr. Casey Garcia,2
88,Dr. Casey Hughes,6
89,Dr. Casey Iverson,5
90,Dr. Casey James,5
91,Dr. Casey Kim,1
92,Dr. Casey Lopez,7
93,Dr. Casey Miller,3
94,Dr. Casey Nguyen,7
95,Dr. Casey Owens,9
96,Dr. Casey Patel,3
97,Dr. Casey Reed,5
98,Dr. Casey Sanchez,2
99,Dr. Casey Turner,7
100,Dr. Casey Wright,2
101,Dr. Riley Adams,6
102,Dr. Riley Brooks,2
103,Dr. Riley Chang,7
104,Dr. Riley Diaz,9
105,Dr. Riley Evans,7
106,Dr. Riley Foster,6
107,Dr. Riley Garcia,8
108,Dr. Riley Hughes,6
109,Dr. Riley Iverson,5
110,Dr. Riley James,7
111,Dr. Riley Kim,9
112,Dr. Riley Lopez,2
113,Dr. Riley Miller,6
114,Dr. Riley Nguyen,6
115,Dr. Riley Owens,9
116,Dr. Riley Patel,4
117,Dr. Riley Reed,8
118,Dr. Riley Sanchez,8
119,Dr. Riley Turner,5
120,Dr. Riley Wright,8
121,Dr. Avery Adams,6
122,Dr. Avery Brooks,7
123,Dr. Avery Chang,3
124,Dr. Avery Diaz,1
125,Dr. Avery Evans,6
126,Dr. Avery Foster,4
127,Dr. Avery Garcia,1
128,Dr. Avery Hughes,6
129,Dr. Avery Iverson,8
130,Dr. Avery James,2
131,Dr. Avery Kim,9
132,Dr. Avery Lopez,5
133,Dr. Avery Miller,1
134,Dr. Avery Nguyen,3
135,Dr. Avery Owens,1
136,Dr. Avery Patel,8
137,Dr. Avery Reed,7
138,Dr. Avery Sanchez,3
139,Dr. Avery Turner,6
140,Dr. Avery Wright,2
141,Dr. Parker Adams,1
142,Dr. Parker Brooks,1
143,Dr. Parker Chang,2
144,Dr. Parker Diaz,2
145,Dr. Parker Evans,6
146,Dr. Parker Foster,4
147,Dr. Parker Garcia,3
148,Dr. Parker Hughes,1
149,Dr. Parker Iverson,5
150,Dr. Parker James,9
